"['The Floyd Song (Sunrise)', 'Miley Cyrus']"
"['127 North', 'Caspian']"
"['Karma Police', 'Radiohead']"
"['Stairway to Heaven - Page Remasters', 'Led Zeppelin']"
"['So Much More Than This', 'Grace VanderWaal']"
"['Something About Space Dude', 'Miley Cyrus']"
"['Lazy Sunday', 'steezy prime']"
"['Blacken The Cursed Sun', 'Lamb of God']"
"['Route One 313', 'Sigur Rós']"
"['Vlad, Son of the Dragon', 'The Black Dahlia Murder']"
"['Nocturne 1985', 'Rhian Sheehan']"
"['Falling Apart', 'Skeler']"
"['Sounds of Green', 'Keith Merrill']"
"['Daydream', 'Medasin']"
"['Banana Pancakes', 'Jack Johnson']"
"['Main Title Overture / The Greatest Game Ever Played - Score', 'Brian Tyler']"
"['On Blaast', 'Joe Nora']"
"['Day Loop', 'Oribu']"
"['Route One 320', 'Sigur Rós']"
"['Blasphemous Cremation', 'Incantation']"
"['Sleeper', 'Pompeii']"
"['Only Ash Remains', 'Necrophagist']"
"['Ethos of Coercion', 'Dying Fetus']"
"['Intestinal Crank', 'Cannibal Corpse']"
"['Caught Series, Pt. 15', 'DeStorm Power']"
"['Route One 336', 'Sigur Rós']"
"['Route One 283', 'Sigur Rós']"
"['Do Not Go Gentle into That Good Night', 'John Lithgow']"
"['totoba', 'jamvvis']"
"['Memorial', 'Explosions In The Sky']"
"['Rustling Trees', 'Wolfgang Michael']"
"['Where We Hid', 'Carinthia']"
"['Scared to Be Lonely', 'Martin Garrix']"
"['Ljósið', 'Ólafur Arnalds']"
"['Cader Idris', 'Saxon Shore']"
"['Summer Breeze', 'Seals and Crofts']"
"['Moving On', 'sober rob']"
"['Caught Series, Pt. 6', 'DeStorm Power']"
"['Beast Of Burden - Remastered', 'The Rolling Stones']"
"['Kids', 'Kyle Dixon & Michael Stein']"
"['Route One 365', 'Sigur Rós']"
"['Chicago (adult contemporary easy listening version)', 'Sufjan Stevens']"
"['Oarsman', 'The Republic of Wolves']"
"['Keep Clean (Acoustic)', 'The Republic of Wolves']"
"['Caged...Contorted', 'Cannibal Corpse']"
"['Ekki múkk', 'Sigur Rós']"
"['On Peets', 'Sidual.']"
"['The Big Ship', 'Brian Eno']"
"['Mooncatch', 'Lontalius']"
"['Bend to Squares', 'Death Cab for Cutie']"
"['Sunshine In Chicago', 'Sun Kil Moon']"
"['Route One 299', 'Sigur Rós']"
"['The Descending Dove', 'Compass & Knife']"
"['Ég anda', 'Sigur Rós']"
"['Bump', 'The American Dollar']"
"['Paper Boats', 'Goldspot']"
"[""I'm Not In Love"", '10cc']"
"['Open Graves', 'The Mountain Man']"
"['Ode To My Family', 'The Cranberries']"
"['Titanomachy', 'Ingested']"
"['Everywhere', 'Fleetwood Mac']"
"['Roll Away Your Stone - Live', 'Mumford & Sons']"
"['Indian Summer', 'Jónsi']"
"['To the Green Town', 'Water Fai']"
"['Fireflies', 'Lights & Motion']"
"['Bleepers', 'Dj Spinna']"
"['Mamacita', 'DeStorm Power']"
"['Hold That Pose', 'DeStorm Power']"
"['Cannibalistic Postclimax Flesh Consumption', 'Putridity']"
"['Free Will Sacrifice', 'Amon Amarth']"
"['Laid to Rest', 'Lamb of God']"
"['The Rains of Castamere', 'Ramin Djawadi']"
"['YOUTH', 'Troye Sivan']"
"['To Believe In Something', 'The Cast Before The Break']"
"['Again We Rise', 'Lamb of God']"
"['Snake Plant', 'jobii']"
"['Soul Meets Body', 'Death Cab for Cutie']"
"[""When It's Cold Outside"", '228k']"
"['She Looks So Perfect', '5 Seconds of Summer']"
"['哀しい予感 / リリウム', 'haruka nakamura']"
"['Watchers', 'Mayhem']"
"['Lovelight', 'Daturah']"
"['I Can Wait', 'Deep Blue Something']"
"['Where Have You Gone', 'Christoffer Franzen']"
"['Neon Noir', 'Kodiak Soul']"
"['Be A Bright Blue', 'Saxon Shore']"
"['Divide, Conquer, Burn, And Destroy', 'Serpentine Dominion']"
"['Encased In Concrete', 'Cannibal Corpse']"
"['26', 'Paramore']"
"['Baptised, Bastardised, Sodomised.', 'Infant Annihilator']"
"['King Kong', 'DeStorm Power']"
"[""Jasmine's Fuji"", 'June Jissle']"
"['Vanquished Unto Thee', 'Serpentine Dominion']"
"['Motivation', 'DeStorm Power']"
"['Still', 'Salt Of The Sound']"
"['Necrotize Tissue to Evovle Mutation', 'Septic Congestion']"
"['Copper Islands (2011)', 'Unwed Sailor']"
"['Kadam', 'Prateek Kuhad']"
"['Sunset', 'POLR']"
"['Heysátan', 'Sigur Rós']"
"['sky to you', 'luvwn']"
"['Jack’s Theme (Three Sentences)', 'Siddhartha Khosla']"
"['Roots', 'The Great Albatross']"
"['Runes To My Memory', 'Amon Amarth']"
"['khutso', 'Fujitsu']"
"['Little Bribes', 'Death Cab for Cutie']"
"['Hoppípolla', 'Sigur Rós']"
"['From Now On', 'Nada Surf']"
"['Instagram', 'DeStorm Power']"
"['Big Yellow Taxi', 'Counting Crows']"
"['Protest', 'DeStorm Power']"
"['Little Sines', 'Rhian Sheehan']"
"['Yfirborð - Live', 'Sigur Rós']"
"['Recycled Air (Live on KEXP)', 'The Postal Service']"
"['The Marionette', 'Tristeza']"
"['Rolling in the Deep', 'Adele']"
"['Our Misconception', 'Era of Discord']"
"['Hafsól', 'Sigur Rós']"
"['Monarch Omega', 'Abnormality']"
"['The Theory of Everything', 'Jóhann Jóhannsson']"
"['Home', 'Deep Blue Something']"
"['Murky - Original Mix', 'Pensees']"
"['Day of Mourning', 'Despised Icon']"
"['Illusions', 'Frythm']"
"['Tropic Breeze', 'Sarah, the Illstrumentalist']"
"['Battle Symphony', 'Linkin Park']"
"['If I Could Split', 'Kite Flying Society']"
"['The Upper Sky (Live)', 'Rhian Sheehan']"
"['Gone In Bloom and Bough', 'Caspian']"
"['Big Thinks Do Remarkable', 'And So I Watch You from Afar']"
"['Hungarian Rhapsody No. 2', 'Franz Liszt']"
"['Valkyrie', 'Bloodred Hourglass']"
"['09-15-00', 'Godspeed You! Black Emperor']"
"['Holland, 1945', 'Neutral Milk Hotel']"
"['Route One 296', 'Sigur Rós']"
"['The Weather', 'Lyves']"
"['Anthem for No State, Pt. III', 'Godspeed You! Black Emperor']"
"['Iris', 'The Goo Goo Dolls']"
"['Go Into the Water', 'Metalocalypse: Dethklok']"
"['Pelt of Innocent Flesh', 'Infant Annihilator']"
"['A Horrendous Epiphany', 'Logistic Slaughter']"
"['Yesterday - Remastered', 'The Beatles']"
"['Golfi.', 'Mora']"
"['Yeet', 'DeStorm Power']"
"['Teleshopping', 'Delayde']"
"['Messiah of Manipulation', 'Acrania']"
"['Dust And Disquiet', 'Caspian']"
"['Turning Lane (Acoustic)', 'The Republic of Wolves']"
"['Josey', 'Deep Blue Something']"
"['...And Their Eulogies Sang Me To Sleep.', 'The Agonist']"
"['Skylines', 'The Album Leaf']"
"['Not the Fallen', 'Suffokate']"
"['Waking Season', 'Caspian']"
"['I Bought It', 'DeStorm Power']"
"['Settler', 'Balmorhea']"
"['Woofer (feat. Snoop Dogg, Zora Randhawa & Nargis Fakhri)', 'Dr Zeus']"
"['Looped', 'Kiasmos']"
"['Awe', 'Helios']"
"['Carrie & Lowell', 'Sufjan Stevens']"
"['Andromeda', 'Metalocalypse: Dethklok']"
"['Ocean Eyes', 'Twin Theory']"
"[""The Heirs To Mankind's Atrocities"", 'Ingested']"
"['Route One 346', 'Sigur Rós']"
"['Einharjar', 'King of Asgard']"
"['Fireworks', 'Nicholas Hooper']"
"['Blankets of Night', 'Hammock']"
"['Hello Scotland', 'ef']"
"['Caught Series, Pt. 3', 'DeStorm Power']"
"['Black Hole Sun - Recorded Live At Red Robinson Show Theatre, Vancouver, Canada on April 30, 2011', 'Chris Cornell']"
"['Swan Lake, Op. 20, Act II No. 10: Act II By a Lake: No. 10. Scene: Moderato', 'Pyotr Ilyich Tchaikovsky']"
"['Anything You Want', 'DeStorm Power']"
"['Sunset In The Maldives', 'Sarah, the Illstrumentalist']"
"['Disarm - Remastered', 'The Smashing Pumpkins']"
"['Against The Wall - Acoustic Version', 'Seether']"
"[""Don't Dream It's Over"", 'Crowded House']"
"['On the Brink of Devastation', 'Serpentine Dominion']"
"['Humbug', 'Owl City']"
"['Tokyo Shadows (Live)', 'Rhian Sheehan']"
"['Eyjafjallajokull Dance (2010)', 'The World Is A Beautiful Place & I Am No Longer Afraid To Die']"
"['Pool House', 'TYDPOOL']"
"['I Will Follow You Into The Dark', 'Death Cab for Cutie']"
"['Wheels Down', 'Adam Young']"
"['7th Inning Stretch', 'Cloudchord']"
"[""I'm Right Here with You"", 'D-A-L']"
"['First Field', 'The Antlers']"
"['You Make My Dreams', 'Daryl Hall & John Oates']"
"['Musafir', 'Ankur Tewari']"
"['Kevin’s Necklace (Number One)', 'Siddhartha Khosla']"
"['Rosanna', 'Toto']"
"[""My Darlin'"", 'Miley Cyrus']"
"['Themes (From ""Pirates of the Caribbean"")', 'Hans Zimmer']"
"['Pale Blue Dot', 'Adam Young']"
"['Decapitation Fornication', 'Infant Annihilator']"
"['If the Hudson Overflows', 'Goldspot']"
"['Plush - Acoustic', 'Stone Temple Pilots']"
"['Pre-Released Foetal Mush', 'Ingested']"
"['Subjected to a Beating', 'Dying Fetus']"
"['Backbone', 'Harrdy Sandhu']"
"['Route One 100', 'Sigur Rós']"
"['Caught Series, Pt. 11', 'DeStorm Power']"
"['Flicker', 'Airplanes']"
"['Suede Gully', 'Puma']"
"['Insomniac', 'Hanz']"
"['Back at It', 'Atreesto']"
"['We Bought A Zoo', 'Jónsi']"
"['This Is Us Score Suite', 'Siddhartha Khosla']"
"['Strip That Down', 'Liam Payne']"
"['Kveikur', 'Sigur Rós']"
"['My Childhood Friend', 'Dorena']"
"['Freaking Lie', 'DeStorm Power']"
"['Panic Amongst the Herd', 'Dying Fetus']"
"['Let Us Face the Evening Skies With Child-Like Eyes', 'Aural Method']"
"['To Floor Thirteen, Part 1', 'Dorena']"
"['Blue Eyes, Starving for Light', 'Sleevenotes']"
"['Somnus (Live)', 'Rhian Sheehan']"
"['Brigden Fair', 'The Wilderness of Manitoba']"
"['Route One 328', 'Sigur Rós']"
"['New Love', 'Bobby Love']"
"['Dustbowl Dance - Live', 'Mumford & Sons']"
"['Summer Skin', 'Death Cab for Cutie']"
"['Forest Fairies', 'Windsor Airlift']"
"['Love, Come And Save Me', 'Right Away, Great Captain!']"
"['Caught Series, Pt. 8', 'DeStorm Power']"
"['Nowthen', 'Carinthia']"
"['Our Mountain Pass, A Winding Trench', 'Saxon Shore']"
"['Eve 委亜域', 'Fractite']"
"['Route One 290', 'Sigur Rós']"
"['Skinned and Fucked', 'Ingested']"
"['Awake My Soul - Live', 'Mumford & Sons']"
"['Green Grass of Tunnel', 'múm']"
"['Von', 'Sigur Rós']"
"['Route One 262', 'Sigur Rós']"
"['Expectation', 'One Hundred Years']"
"['Primus', 'Initium']"
"['Dreamer on the Run', 'U137']"
"['Title And Registration', 'Death Cab for Cutie']"
"['Route One 292', 'Sigur Rós']"
"['Raise Your Gaze', 'Tristeza']"
"['Nuvole bianche', 'Ludovico Einaudi']"
"['Feel The Same', 'The Sky Life']"
"['Do Not Go Gentle Into That Good Night', 'Dylan Thomas']"
"['La Boite a Musique (Live)', 'Rhian Sheehan']"
"['Lean On', 'Major Lazer']"
"['Abysm Nucleus', 'Cytotoxin']"
"['Onesome', 'ghost and tape']"
"['When the Time Comes', 'Gordon']"
"['Lotus', 'Elijah Nang']"
"[""The Dragons' Flight Across The Waves"", 'Amon Amarth']"
"['I Would Love To', 'Jonatan Mollberg']"
"['Nightbringers', 'The Black Dahlia Murder']"
"['Charred Remains', 'Autopsy']"
"['Route One 301', 'Sigur Rós']"
"['Route One 297', 'Sigur Rós']"
"['Route One 360', 'Sigur Rós']"
"[""Rocket Man (I Think It's Going To Be A Long Long Time)"", 'Elton John']"
"['Angela', 'The Lumineers']"
"['And She Translated Into the Sky', 'Levi Patel']"
"['Mílanó', 'Sigur Rós']"
"['Princess of China', 'Coldplay']"
"['New Haven Green', 'Goldspot']"
"['Dil Beparvah - The Dewarists, Season 5', 'Ankur Tewari']"
"['Route One 274', 'Sigur Rós']"
"['the world was ours', 'Kupla']"
"['Receipt', 'The Black Dahlia Murder']"
"['The Trapeze Swinger', 'Iron & Wine']"
"['Carry You', 'Novo Amor']"
"['Freedom', 'Pharrell Williams']"
"['Rudiments of A Spiritual Life', 'The American Dollar']"
"['Sycamore (Live)', 'Caspian']"
"['Invisible', 'Linkin Park']"
"['Route One 315', 'Sigur Rós']"
"['From a Silver Till', 'Tigers on Trains']"
"['Stray(s)', 'The Republic of Wolves']"
"['Back on Northern Shores', 'Amon Amarth']"
"['Valtari', 'Sigur Rós']"
"['Evergreen Cassette', 'Goldspot']"
"['Call', 'The American Dollar']"
"['Sister', 'Unwed Sailor']"
"['The Fool', 'Fleshgod Apocalypse']"
"['Moonlight Equilibrium', 'The Black Dahlia Murder']"
"['You', 'The Pretty Reckless']"
"['Yesterday', 'chief.']"
"['New Light', 'John Mayer']"
"['Atlas', 'Lights & Motion']"
"['Rafstraumur', 'Sigur Rós']"
"['Army Corps Of Architects', 'Death Cab for Cutie']"
"['Cheerleader - Felix Jaehn Remix Radio Edit', 'OMI']"
"['Lord of Avaris', 'Inactive Messiah']"
"['Together', 'Royal & the Serpent']"
"['Contorted Perception', 'Ingested']"
"['Patience', ""Guns N' Roses""]"
"['Kingdom Under Your Feet (feat. Jose Manuel Tts)', 'Cannibal Grandpa']"
"['Rivers and Roads', 'The Head and the Heart']"
"['Invincible', 'DeStorm Power']"
"['Moon Flower', 'Ronesh']"
"['Route One 261', 'Sigur Rós']"
"['Route One 329', 'Sigur Rós']"
"['From Deep Inside', 'Hopelezz']"
"[""Lately I've Been Wondering"", 'Sean Angus Watson']"
"['A Trophy of Corporate Disfigurement', 'Acrania']"
"['The Scent of the Old Ocean', 'Those Who Ride With Giants']"
"['Symmetry', 'Metalocalypse: Dethklok']"
"['Soil the Stillborn', 'Infant Annihilator']"
"['Quietly - Rerecorded version', 'D-A-L']"
"['Space Bootz', 'Miley Cyrus']"
"['Awake', 'The Republic of Wolves']"
"['Climactic Degradation', 'The Black Dahlia Murder']"
"['Gobbledigook', 'Sigur Rós']"
"['Consequence (Acoustic)', 'The Republic of Wolves']"
"['Moonlight in the Mouth', 'Color Therapy']"
"['The Silk Road', 'Tigers on Trains']"
"['Paedophilic Ultimatum', 'Infant Annihilator']"
"['Dead Seeds', 'Lamb of God']"
"['Stories Not Forgotten', 'Windsor Airlift']"
"['Kindling', 'Alan Gogoll']"
"['101010', 'Sleeping At Last']"
"['Nusquam (Live)', 'Rhian Sheehan']"
"['Adrift', 'Slowrun']"
"['Cambridge, 1963', 'Jóhann Jóhannsson']"
"['Alive And Kicking', 'Simple Minds']"
"['With Glowing Hearts', 'Kontakte']"
"['Black Label', 'Lamb of God']"
"['To a Breathless Oblivion', 'The Black Dahlia Murder']"
"['Route One 359', 'Sigur Rós']"
"['Reprise - T Hemingway Remix', 'Gold Panda']"
"['The Great Decay', 'The Mountain Man']"
"['Wide Eyed - Vacant Remix', 'Billy Lockett']"
"['Caught Series, Pt. 18', 'DeStorm Power']"
"['Such Great Heights (Performed by Iron & Wine) - Remastered', 'The Postal Service']"
"['Your Hand In Mine', 'Explosions In The Sky']"
"['Black Hole', 'Trox']"
"['On Top of the World', 'One Hundred Years']"
"['Day Of Endless Light', 'Daath']"
"['I Need Your Clothes, Your Boots, and Your Motorcycle (from Terminator 2)', 'Austrian Death Machine']"
"['Send Off', 'Explosions In The Sky']"
"['Who Owns My Heart', 'Miley Cyrus']"
"['See Me Standing', 'DeStorm Power']"
"['Kveikur - Live', 'Sigur Rós']"
"[""Maybe We're Not Enough"", 'Tejas']"
"['High Love', 'Racing Glaciers']"
"['Second Side', 'Yomoti']"
"['Now Against The Staircase, Part 1', 'Last Lungs']"
"['Standing in Silence Pt. 10 (Live)', 'Rhian Sheehan']"
"['Awaiting Elemental Meltdown', 'The Six Parts Seven']"
"['Waiting On the World to Change', 'John Mayer']"
"['Beast Incarnate', 'Beheaded']"
"['Signaling Through The Flames', 'The American Dollar']"
"['Blue Birds', 'Justnormal']"
"[""Alan Turing's Legacy"", 'Alexandre Desplat']"
"['Automatic', 'Fla.mingo']"
"['Anything You Synthesize - Ambient', 'The American Dollar']"
"['Everest', 'Lights & Motion']"
"['The End Of The Innocence', 'Don Henley']"
"['Route One 285', 'Sigur Rós']"
"['Belly of June', 'Horse Feathers']"
"['Bosses Hang, Pt. I', 'Godspeed You! Black Emperor']"
"['The Last Days Of A Tragic Allegory', 'Saxon Shore']"
"['Anthem for No State, Pt. I', 'Godspeed You! Black Emperor']"
"['Seasons', 'Chase Coy']"
"['3AM (Pull Up) (feat. MØ)', 'Charli XCX']"
"['Route One 368', 'Sigur Rós']"
"[""I'm the One"", 'DJ Khaled']"
"['Just Like Fire (From the Original Motion Picture ""Alice Through The Looking Glass"")', 'P!nk']"
"[""Lovers' Eyes - Live"", 'Mumford & Sons']"
"['Summer Eyes', 'Airplanes']"
"['Spare Key (Acoustic)', 'The Republic of Wolves']"
"['Inní mér syngur vitleysingur', 'Sigur Rós']"
"['Scapegoat', 'The Agony Scene']"
"['Funnier With A Plank', 'Antennas to Heaven']"
"['Marching Bands of Manhattan', 'Death Cab for Cutie']"
"['Untitled #3 - Samskeyti', 'Sigur Rós']"
"['Vengeance Is My Name', 'Amon Amarth']"
"['The Prelude to Bereavement', 'Shadow of Intent']"
"['Melodia Africana III', 'Ludovico Einaudi']"
"['Coliseum', 'omniboi']"
"['Limits', 'Fla.mingo']"
"['Signing Off', 'D-A-L']"
"['Black Sun', 'Death Cab for Cutie']"
"['Varðeldur', 'Sigur Rós']"
"['Human Dissection', 'Demolition Hammer']"
"['On Reflection', 'The Appleseed Cast']"
"['Vid spilum endalaust - Live', 'Sigur Rós']"
"['Wild Horses', 'The Rolling Stones']"
"['Where Angels Go Demons Follow', 'Spawn of Possession']"
"['Sweet Berries', 'Handbook']"
"['Thru Our Scars', 'Fleshgod Apocalypse']"
"['Mental Corruption', 'Henker']"
"['Lampshades', 'Guustavv']"
"['The Bells', 'From Indian Lakes']"
"['Froosh', '_tag']"
"['DVOCEAN Remix', 'Night Grind']"
"['Pettles', 'Frook']"
"['Change the World - Rerecorded version', 'D-A-L']"
"['Frozen Feet', 'The Republic of Wolves']"
"['Lost!', 'Coldplay']"
"['Face Fisted', 'Metalocalypse: Dethklok']"
"['Phone Call - Score', 'Jon Brion']"
"['In My Blood', 'Sublab']"
"['Dreamer', 'Rosemary & Garlic']"
"['The Moon Song - Film Version', 'Scarlett Johansson']"
"['Battle Royale feat. Panther - VIP Mix', 'Apashe']"
"['Shine', 'Benjamin Francis Leftwich']"
"['Route One 295', 'Sigur Rós']"
"['Electronic Dream', 'araabMUZIK']"
"['Holocene', 'Bon Iver']"
"['Synecdoche', 'Anton Belov']"
"['Route One 332', 'Sigur Rós']"
"['Ágætis Byrjun - Live', 'Sigur Rós']"
"['Test & Recognise - HWLS Remix', 'Seekae']"
"['Bloodlines', 'Metalocalypse: Dethklok']"
"['Kensington', 'Stan Forebee']"
"['Ok', 'Chris Keys']"
"['Standing in Silence Pt.1 (Live)', 'Rhian Sheehan']"
"['BeFoUr', 'ZAYN']"
"['Broken Wings', 'D-A-L']"
"['Statutory Ape', 'The Black Dahlia Murder']"
"['Life Sustainment To Continue Mutilation', 'Acranius']"
"['Great Lake Derelict', 'The Appleseed Cast']"
"['No Heretics, Please', 'Shipwreck Karpathos']"
"['A Shrine to Madness', 'The Black Dahlia Murder']"
"['Last Smoke Before the Snowstorm', 'Benjamin Francis Leftwich']"
"['Albatros', 'Plusma']"
"['Route One 327', 'Sigur Rós']"
"['Nausicaa', 'Fakear']"
"['Last Day, Last Breath', 'The Polar Dream']"
"['Lemon', 'N.E.R.D']"
"['Heaven For Everyone - Remastered 2011', 'Queen']"
"['Seed Of Filth', 'Six Feet Under']"
"['Something To Believe In', 'Young the Giant']"
"['Scene Kya Hai', 'Nucleya']"
"['Cloud Factory', 'Jinjer']"
"['Masollan', 'Balmorhea']"
"['Flood', 'The American Dollar']"
"['Immersed Entity', 'Burning The Masses']"
"['Curse the Gods', 'Destruction']"
"['Sort Of (Instrumental)', 'Ingrid Michaelson']"
"['Everything Has Changed', 'Jasmine Thompson']"
"['Caught Series, Pt. 17', 'DeStorm Power']"
"['Voices', 'The EMBR']"
"['Lakeview', 'Karuna']"
"['Theme From Jurassic Park - From ""Jurassic Park"" Soundtrack', 'John Williams']"
"['Route One 367', 'Sigur Rós']"
"['Route One 284', 'Sigur Rós']"
"['I Surrender', 'Saybia']"
"['No Room In Frame', 'Death Cab for Cutie']"
"['Yfirborð', 'Sigur Rós']"
"['Under A Serpent Sun', 'At The Gates']"
"['Colored Out', 'The Republic of Wolves']"
"['Condemned to Rape', 'Ingested']"
"['4x4', 'Miley Cyrus']"
"['Bells Bleed & Bloom', 'ef']"
"['What a Horrible Night to Have a Curse', 'The Black Dahlia Murder']"
"['Lily', 'Benjamin Gibbard']"
"['Covered Landscapes', 'Windsor Airlift']"
"['Grotesque Impalement', 'Dying Fetus']"
"['Ára bátur', 'Sigur Rós']"
"['Threat Level No. 3', 'The Black Dahlia Murder']"
"['Below My Feet - Live', 'Mumford & Sons']"
"['Progress', 'SPEECHLESS']"
"['Brothers on a Hotel Bed', 'Death Cab for Cutie']"
"['Distorting of Perception', 'Until We Die']"
"['Watch Me 2012', 'DeStorm Power']"
"['Polka Dots and Moonbeams - Live', 'Chet Baker']"
"['Clear Blue Sky', 'Followed By Ghosts']"
"['How High - Remix Instrumental', 'Hydrogenii']"
"['Route One 364', 'Sigur Rós']"
"['Sarcophagic Frenzy', 'Cannibal Corpse']"
"['There Is a Wind', 'The Album Leaf']"
"['No Control', 'One Direction']"
"[""Gammer Gerten's Needle"", 'Deep Blue Something']"
"['Warborn', 'The Black Dahlia Murder']"
"['Done', 'Deep Blue Something']"
"['Velvet', 'WES WAX']"
"['The Divine Right Of Kings', 'Ingested']"
"['Starálfur - Live', 'Sigur Rós']"
"['The March', 'Lights & Motion']"
"['100 words', 'Prateek Kuhad']"
"['Your First Light My Eventide', 'The Echelon Effect']"
"['What Lovers Do (feat. SZA)', 'Maroon 5']"
"['Ulises', 'Lucho Ripley']"
"['Demented Aggression', 'Cannibal Corpse']"
"['We Grew Old Too Soon', 'We Came From The North']"
"['Route One 347', 'Sigur Rós']"
"[""At Dawn's First Light"", 'Amon Amarth']"
"['Thirteenth', 'Ray Ben Rue']"
"['From The Window Of My Room', 'Dorena']"
"['Lost', 'Toonorth']"
"['Tiny Dancer', 'Elton John']"
"['Something Happened', 'Greg Haines']"
"['The Thunderhead', 'Adam Young']"
"['The Way It Is', 'Bruce Hornsby']"
"['Redneck', 'Lamb of God']"
"['Where No One Goes', 'Jónsi']"
"['Thirteen', 'Big Star']"
"['Perséphone I', 'Year Of No Light']"
"['Stay Young, Go Dancing', 'Death Cab for Cutie']"
"['Bloodlines', 'Mimicking Birds']"
"['Hollow', 'Acrania']"
"['Something Just Like This', 'The Chainsmokers']"
"['Coffee And Unicorns', 'Henyao']"
"['And Then Came Spring', 'aswekeepsearching']"
"['Your New Twin Sized Bed', 'Death Cab for Cutie']"
"['Mile Marker', 'The Appleseed Cast']"
"['Forced Gender Reassignment', 'Cattle Decapitation']"
"['Northern Lights', 'Death Cab for Cutie']"
"['Leg Day', 'DeStorm Power']"
"['Ultralife - Acoustic Version', 'Oh Wonder']"
"['Until the Last', 'The Album Leaf']"
"['Glósóli - Live', 'Sigur Rós']"
"['Feel The Low', 'Sam Void']"
"['Festival - Live', 'Sigur Rós']"
"['Predicament', 'Kllo']"
"['Unforgettable', 'French Montana']"
"['Arpsom', 'm.a.l.m.r.']"
"['Numb', 'Benjamin Francis Leftwich']"
"['Blankets of Night (2015 Remaster)', 'Hammock']"
"['Cuntcrusher', 'Infant Annihilator']"
"['Re: Stacks', 'Bon Iver']"
"['Route One 291', 'Sigur Rós']"
"['Light Up', 'D-A-L']"
"['The House Where We Grew Up', 'Hammock']"
"['The Robin', 'John Swihart']"
"['Við spilum endalaust', 'Sigur Rós']"
"['Hello Friend', 'Leavv']"
"['The Woods - Acoustic', 'Hollow Coves']"
"['Route One 326', 'Sigur Rós']"
"['Snow', 'Lights & Motion']"
"['Popplagid - Live', 'Sigur Rós']"
"['The Summer Ends', 'American Football']"
"['Go Forth and Die', 'Metalocalypse: Dethklok']"
"['Fljótavík - Live', 'Sigur Rós']"
"['Raat Raazi', 'Prateek Kuhad']"
"['Blacking Out the Friction', 'Death Cab for Cutie']"
"['Setting Fires', 'The Chainsmokers']"
"['Africa', 'Toto']"
"['Time Stops', 'Explosions In The Sky']"
"['Dreamwood', 'Hiss Golden Messenger']"
"['You Are A Tourist', 'Death Cab for Cutie']"
"['Right Way', 'Attic Beats']"
"[""I'd Rather Sleep"", 'Smartface']"
"['Salt', 'sober rob']"
"['Stuck In The Middle With You', 'Stealers Wheel']"
"['Wakanda', 'Ludwig Goransson']"
"['Queue', 'Lunchmoney']"
"['Ventura Highway', 'America']"
"['MVP', 'Despised Icon']"
"['The Avengers', 'Alan Silvestri']"
"['Birdless Cage', 'The Republic of Wolves']"
"['Sillage', 'We Were Heading North']"
"['Caught Series, Pt. 10', 'DeStorm Power']"
"['Little Wanderer', 'Death Cab for Cutie']"
"['Louis Vuitton', 'DeStorm Power']"
"['In Over My Head', 'SHEE']"
"['Hafsól - Live', 'Sigur Rós']"
"['Eyes', 'SION']"
"['First Breath After Coma', 'Explosions In The Sky']"
"['Asleep At the Wheel', 'Working for a Nuclear Free City']"
"['Tender', 'Korey Wade']"
"['Dash and Blast', 'Yndi Halda']"
"['I Ejaculate Fire', 'Metalocalypse: Dethklok']"
"['Festering with Dishonesty', 'Acrania']"
"['Brennisteinn', 'Sigur Rós']"
"['Sovereign Hate', 'Serpentine Dominion']"
"['512', 'Lamb of God']"
"[""Caretaker's Cottage In the Forest of Compiegne"", 'Carinthia']"
"['Skrangers', 'Kamandi']"
"['From Gold', 'Novo Amor']"
"['No Particular Night or Morning', 'deadhorse']"
"['Imber (Live)', 'Rhian Sheehan']"
"['Ooohwee', 'Monma']"
"['Sunbeams', 'Moonlit Sailor']"
"['Branches And Constellations', 'The Echelon Effect']"
"[""Elisa's Theme"", 'Alexandre Desplat']"
"['robins', 'bran']"
"['Isaac', ""Bear's Den""]"
"['Always Returning - Remastered 2005', 'Brian Eno']"
"['In the Dark', 'D-A-L']"
"['Despacito - Remix', 'Luis Fonsi']"
"['The Plug - Quantic Mix', 'Bonobo']"
"['When I Was a Boy', 'Electric Light Orchestra']"
"['Auctioneer of Depravity', 'Acrania']"
"['Fjögur píanó', 'Sigur Rós']"
"['Bixby Canyon Bridge', 'Death Cab for Cutie']"
"['Malleable Beings', 'The Paper Kites']"
"['Breakfast In America - Remastered', 'Supertramp']"
"['Sick Boogie Murder', 'Trepalium']"
"['Hounds', 'Dark Sermon']"
"['Ny Batterí - Live', 'Sigur Rós']"
"['I, Colossus', 'A Different Breed Of Killer']"
"['Not All Heroes Wear Capes', 'Owl City']"
"[""You've Haunted Me All My Life"", 'Death Cab for Cutie']"
"['Jet Stream', 'Airplanes']"
"['Echo Roads', 'Unwed Sailor']"
"['Hurts So Much', 'Sam Setton']"
"['Champagne From A Paper Cup', 'Death Cab for Cutie']"
"['Unholy Gravebirth', 'Infant Annihilator']"
"['Route One 103', 'Sigur Rós']"
"['A Total Lack of Understanding', 'Sky Flying By']"
"['Re-Faced', 'The Black Dahlia Murder']"
"['Dandelion', 'Dorena']"
"['Dissolve', 'Kllo']"
"['A Movie Script Ending', 'Death Cab for Cutie']"
"['Caught Series, Pt. 12', 'DeStorm Power']"
"['Near Light', 'Ólafur Arnalds']"
"['Tiny Vessels', 'Death Cab for Cutie']"
"['Star-Crossed', 'The End Of The Ocean']"
"['Collide - Acoustic Version', 'Howie Day']"
"['Summer Birds Sing', 'Windsor Airlift']"
"[""It's Natural To Be Afraid"", 'Explosions In The Sky']"
"['A Nightmare Incarnate', 'Ingested']"
"['Atlas', 'Astralia']"
"['As Deep As the Knife Will Go', 'Cannibal Corpse']"
"['Above The Clouds Of Pompeii', ""Bear's Den""]"
"['Med blódnasir - Live', 'Sigur Rós']"
"['Caught Series, Pt. 13', 'DeStorm Power']"
"['Vaka - Live', 'Sigur Rós']"
"['White Phosphorus Bombings', 'Skulldrain']"
"['Restless Minds', 'Yomoti']"
"['Whispers', 'Elijah Blond']"
"['Better Metal Snake', 'Metalocalypse: Dethklok']"
"['Abandon Window', 'Jon Hopkins']"
"['Where Are Ü Now (with Justin Bieber)', 'Jack Ü']"
"['Sigur 4 (Untitled)', 'Sigur Rós']"
"['Magpie', 'Khushi']"
"['Run Home', 'And So I Watch You from Afar']"
"['Myrrhine', 'Tigers on Trains']"
"['Rabid', 'Cannibal Corpse']"
"['Scourge of Iron', 'Cannibal Corpse']"
"['Through the Leaves', 'Alan Gogoll']"
"['Morning Sweetness', 'Philanthrope']"
"['Forfeit I: The Crooked Quill', 'Dark Sermon']"
"['Broken Wings - Rerecorded version', 'D-A-L']"
"['Let Go', 'One Hundred Years']"
"['Ibrik', 'Bonobo']"
"['Inherently Vile', 'Logistic Slaughter']"
"['Lorelai', 'Fleet Foxes']"
"['Sinking Friendships', 'Jónsi']"
"['Lost at Sea', ""Margot & The Nuclear So And So's""]"
"['Laments Of An Icarus', 'Textures']"
"['The Ghosts Of Beverly Drive', 'Death Cab for Cutie']"
"['Lover of the Light - Live', 'Mumford & Sons']"
"['Golden Threads From The Sun', 'Yndi Halda']"
"['Severance (Ft.Tyler Shelton)', 'Existence Has Failed']"
"['Hello There', 'Dillon Francis']"
"['Dooo It!', 'Miley Cyrus']"
"['Cabin in the Woods', 'Porch Lights']"
"['How Far?', 'Bob Lemon']"
"['Route One 312', 'Sigur Rós']"
"['Route One 316', 'Sigur Rós']"
"['Nitelife', 'Andonis']"
"['Carnival', 'Years Of Rice And Salt']"
"['Tiderays', 'Volcano Choir']"
"['mello', 'tides.']"
"['Caught Series, Pt. 20', 'DeStorm Power']"
"['Tired', 'Quelle Rox']"
"['In Circles', 'aswekeepsearching']"
"['A World Not Yet Darkened', 'Coastlands']"
"['Starve', 'Dark Sermon']"
"['Numb / Encore', 'JAY Z']"
"['This Is Not America (with The Pat Metheny Group) - 2014 Remastered Version', 'David Bowie']"
"['Spring', 'Windsor Airlift']"
"['Burn', 'Tormention']"
"['Route One 370', 'Sigur Rós']"
"['Route One 337', 'Sigur Rós']"
"[""I Still Haven't Found What I'm Looking For - Remastered 2007"", 'U2']"
"['Never Tear Us Apart', 'INXS']"
"[""Nothin' Like This"", 'The Phantoms']"
"['The Ceremony', 'Bertholet']"
"['Woolen Blankets', 'The Republic of Wolves']"
"['Jagged Cross Legions', 'Serpentine Dominion']"
"['Crucifilth', 'Infant Annihilator']"
"['Salka', 'Sigur Rós']"
"['Seaside Eyes', 'Porch Lights']"
"['First Light', 'Alan Gogoll']"
"['Gassed', 'WESLEE']"
"['Route One 259', 'Sigur Rós']"
"['LuvnYou', 'Ian Ewing']"
"[""Can't Get Enough"", 'Highschool Jacob']"
"['ORANGE', 'SINY']"
"['I Will Wait - Live', 'Mumford & Sons']"
"['Beautiful death', 'Wintersun']"
"[""We're Hitting Everything"", 'The American Dollar']"
"['How It Hurts', 'Malvae']"
"['Snake Eyes', 'David Holmes']"
"['Healing Through War', 'Fleshgod Apocalypse']"
"['Introspective Nightmares', 'Narcotic Wasteland']"
"[""Free Fallin' - Live at the Nokia Theatre, Los Angeles, CA - December 2007"", 'John Mayer']"
"['Dissidence', 'Dying Fetus']"
"['Still They Pray', 'Aeon']"
"['Takk...', 'Sigur Rós']"
"['Sad Heart Of Mine', 'Caspian']"
"['Wilderness', 'Midsummer']"
"['Firecracker', 'Unwed Sailor']"
"['Route One 369', 'Sigur Rós']"
"['Vacation of the Mind', 'D-A-L']"
"['Mother’s Triumph', 'Matthew Thiessen & The Earthquakes']"
"['Into the Everblack', 'The Black Dahlia Murder']"
"['Caught Series, Pt. 9', 'DeStorm Power']"
"['Every Rose Has Its Thorn', 'Miley Cyrus']"
"['The Ambassador of Pain', 'Kataklysm']"
"[""Road Trippin'"", 'Red Hot Chili Peppers']"
"['If It Bleeds, We Can Kill It', 'Austrian Death Machine']"
"['The Myth of Sanity', 'Dark Sermon']"
"['Victim Kin Seek Suit (2010)', 'The World Is A Beautiful Place & I Am No Longer Afraid To Die']"
"['A Little Distance', 'Tristeza']"
"['The Galaxy', 'Metalocalypse: Dethklok']"
"['Heysátan - Live', 'Sigur Rós']"
"['Private Road', 'Bent']"
"['The Faithful Anchor', 'Unwed Sailor']"
"['Hrafntinna', 'Sigur Rós']"
"['Caught Series, Pt. 5', 'DeStorm Power']"
"['Standing in Silence Pt. 13 (Live)', 'Rhian Sheehan']"
"['U.F.O.', 'Coldplay']"
"['The Smoke Saves Lives', 'Kyte']"
"['Með suð í eyrum', 'Sigur Rós']"
"['Holy Weight', 'The Republic of Wolves']"
"['The Depopulation Programme', 'Acrania']"
"['This Endless War', 'Serpentine Dominion']"
"['Route One 101', 'Sigur Rós']"
"['Drive', 'The Cars']"
"['Ghost', 'The Mountain Man']"
"['Better off Without', 'Armon Jay']"
"['Denounced, Disgraced', 'The Black Dahlia Murder']"
"['Mary', 'Noah And The Whale']"
"['Nothing Breaks Like a Heart - Don Diablo Remix', 'Mark Ronson']"
"['Breaking The Great Narcissist', 'Soreption']"
"['Ballad of Lonely Ghosts (feat. Hammock)', 'Color Therapy']"
"['Virally Yours', 'The Black Dahlia Murder']"
"['Malenchantments of the Necrosphere', 'The Black Dahlia Murder']"
"['A Song for Starlit Beaches', 'Yndi Halda']"
"['A Dream That Cannot Be', 'Amon Amarth feat. Doro Pesch']"
"['Í Gær', 'Sigur Rós']"
"['Cremated Existence', 'Ingested']"
"['Halo', 'Deep Blue Something']"
"['Grace', 'Lamb of God']"
"['Daeku', 'Overhead, The Albatross']"
"['Route One 294', 'Sigur Rós']"
"['Amsterdam', 'Gregory Alan Isakov']"
"['The Vengeance in Me', 'Serpentine Dominion']"
"['Infinity', 'One Hundred Years']"
"['Turquoise Mines', 'Tigers on Trains']"
"['It Ain’t Me (with Selena Gomez)', 'Kygo']"
"['Cuckoo Clocks. The Call of the Windmill', 'Unwed Sailor']"
"['Au Revoir', 'Seven Saturdays']"
"['Realize', 'sober rob']"
"['Ghosts That We Knew - Live', 'Mumford & Sons']"
"[""You Can't Live There Forever"", 'The World Is A Beautiful Place & I Am No Longer Afraid To Die']"
"['Hoppípolla - Live', 'Sigur Rós']"
"['Detharmonic', 'Metalocalypse: Dethklok']"
"['Harlem Midnight', 'mr mirakami']"
"['Everlong - Acoustic Version', 'Foo Fighters']"
"['Quixotic', 'mell-ø']"
"['Fucking Fucked Up', 'Miley Cyrus']"
"['Paradise Lost', 'Bearcubs']"
"['Bum Bum Tam Tam', 'MC Fioti']"
"['Route One 260', 'Sigur Rós']"
"['His Master’s Voice', 'Monsters Of Folk']"
"['Helplessly', 'Tatiana Manaois']"
"['Unwritten', 'Stan Forebee']"
"['Decisions', 'Fractite']"
"['Featherstone', 'The Paper Kites']"
"['Underneath The Sycamore', 'Death Cab for Cutie']"
"[""Hickory '54"", 'Caspian']"
"['Lobotomise, Dehumanise, Negate', 'Acrania']"
"['Black Book - Single Edit', 'ORI']"
"['Libera', 'Mattia Cupelli']"
"['The Village', 'Phil Cook']"
"['Reveling in the Abyss', 'Dying Fetus']"
"['Set Fire to the Rain', 'Adele']"
"['Circle of Birds', 'Circle Of Birds']"
"['Backhand of God', 'The Mountain Man']"
"[""Now You've Got Something to Die For"", 'Lamb of God']"
"[""It's Been A Year"", 'Greg Laswell']"
"['We Drink to Remember', 'Coastal']"
"['Waving Through a Window - From Dear Evan Hansen', 'Owl City']"
"['Dark Archon', 'The Dialectic']"
"['Abysmal', 'The Black Dahlia Murder']"
"['Amongst Your Earthiest Words The Angels Stray', 'Years Of Rice And Salt']"
"['Some Boys', 'Death Cab for Cutie']"
"['Jars', 'The Black Dahlia Murder']"
"['Rain', 'Breaking Benjamin']"
"['A Thimble Full of Sorrow (Live)', 'Rhian Sheehan']"
"['One of These Nights - Eagles 2013 Remaster', 'Eagles']"
"['Pink Hair, Green Eyes - Instrumental', 'Balcony']"
"['Brick or Coconuts', 'Jacuzzi Boys']"
"[""Lampin'"", '[ocean jams]']"
"['Find a Way', 'Quiet Arrows']"
"['A Water Prayer', 'Deep Blue Something']"
"['Contact', 'Noah B']"
"['The Second You Sleep', 'Saybia']"
"['Need To Breathe', 'Smartface']"
"['This Charming Man', 'Death Cab for Cutie']"
"['A Late Farewell', 'Dorena']"
"['Brunch', 'jobii']"
"['Thousand Yard Stare', 'Sky Flying By']"
"['Murmaider', 'Metalocalypse: Dethklok']"
"['Necropolis', 'The Black Dahlia Murder']"
"['Somebody Else', 'VÉRITÉ']"
"['Here Comes The Sun - Remastered', 'The Beatles']"
"['Give A Little Bit', 'Supertramp']"
"['Direct Experience', 'Wess Meets West']"
"['Route One 334', 'Sigur Rós']"
"['Rembihnútur', 'Sigur Rós']"
"['My Mirror Speaks', 'Death Cab for Cutie']"
"['Las mujeres de Fresas Salvajes', 'Lucho Ripley']"
"['Ascension', 'Jordan Critz']"
"['Makeba', 'Jain']"
"['Love Love Love', 'Of Monsters and Men']"
"['Danza Kuduro', 'Don Omar']"
"['Eyjafjallajokull Dance (2016)', 'The World Is A Beautiful Place & I Am No Longer Afraid To Die']"
"['The Harder We Work...', 'My Dad vs Yours']"
"['Farewell', 'Windsor Airlift']"
"['Route One 286', 'Sigur Rós']"
"['Route One 102', 'Sigur Rós']"
"['Good Morning Sunshine', ""j'san""]"
"['Everything Went Black', 'The Black Dahlia Murder']"
"['Versus The World', 'Amon Amarth']"
"['Aaftaab', 'The Local Train']"
"['Naah', 'Harrdy Sandhu']"
"['Pitter Patter', 'Guustavv']"
"['Sonata No. 14 ""Moonlight"" in C-Sharp Minor"", Op. 27 No. 2: I. Adagio sostenuto', 'Ludwig van Beethoven']"
"['BB Talk', 'Miley Cyrus']"
"['Muse', 'Incantation']"
"[""I'll Keep You Safe (Instrumental)"", 'Sleeping At Last']"
"['Box of Stones', 'Benjamin Francis Leftwich']"
"['Suddenly', 'Predawn']"
"['Var', 'Sigur Rós']"
"['Good Riddance (Time of Your Life)', 'Green Day']"
"['Cold', 'At The Gates']"
"['Memphis Emphasis', 'Tristeza']"
"['Cold Shoulders', 'Prateek Kuhad']"
"['Of God and Serpent, Of Spectre and Snake', 'The Black Dahlia Murder']"
"['Freed from the Leash', 'Carnal Decay']"
"['SoulFourtyFive', 'RudeManners']"
"['Stormland', 'Kataklysm']"
"['Waiting Around', 'D-A-L']"
"['Chime Scene', 'Stephen Green']"
"['The Winner Is - from Little Miss Sunshine', 'DeVotchKa']"
"['So. Heavy.', 'Psychostick']"
"['Rewind', 'Goldspot']"
"['So Long, Lonesome', 'Explosions In The Sky']"
"[""Livin' Thing"", 'Electric Light Orchestra']"
"['The Great Leap', 'U137']"
"['Hopeless', 'Zie West']"
"['Twilight Is Our Advocate Tonight', 'Saxon Shore']"
"['Two More Feathers', 'Alan Gogoll']"
"['A Bird In The Hand', 'MIAOU']"
"['Call It Dreaming', 'Iron & Wine']"
"['Numero Uno', 'Mister Carver']"
"['Sleep Song', 'Hooded Fang']"
"['Sucker For Pain (with Wiz Khalifa, Imagine Dragons, Logic & Ty Dolla $ign feat. X Ambassadors)', 'Lil Wayne']"
"['Quietly', 'D-A-L']"
"['Route One 361', 'Sigur Rós']"
"['Blasphemian', 'Infant Annihilator']"
"['Finding You', 'Airplanes']"
"['Arrival In Nara', 'alt-J']"
"['Skyhunter', 'Metalocalypse: Dethklok']"
"['Ship Shape', 'Tigers on Trains']"
"['A Horse with No Name', 'America']"
"['4am', 'SPEECHLESS']"
"['CSM-LM Docking', 'Adam Young']"
"['What Is There to Say?', 'Dweeb']"
"['Arial Evisceration', 'Ingested']"
"['Inglend, Part 2', 'Last Lungs']"
"['Stray(S) (Alternate)', 'The Republic of Wolves']"
"['Lonely Man of Winter', 'Sufjan Stevens']"
"['The Ice Is Getting Thinner', 'Death Cab for Cutie']"
"['Caught Series, Pt. 14', 'DeStorm Power']"
"['Black Beatles - Acoustic', 'The Mayries']"
"['Route One 280', 'Sigur Rós']"
"['Cruel (feat. ZAYN)', 'Snakehips']"
"['Six Days At The Bottom Of The Ocean', 'Explosions In The Sky']"
"['Waiting and Waltzing In Airport Terminals', 'Industries of the Blind']"
"['Impaled on Stakes', 'Pyaemia']"
"['This Is Music', 'Windsor Airlift']"
"['Totalitarian Dystopia', 'Acrania']"
"['Seething with Disdain', 'Dying Fetus']"
"['Apocalyptic Premonition', 'Analepsy']"
"['Ready to Fly (feat. Adam Young)', 'Didrick']"
"['Witnesses of Extinction', 'Analepsy']"
"['Nothing More', 'Andrew Simple']"
"['Monday Matinee', 'Justnormal']"
"['My Grind', 'DeStorm Power']"
"['Siren Charms', 'In Flames']"
"['#2', 'Nils Frahm']"
"['Pass Through', 'Anton Belov']"
"['Mayflies', 'Benjamin Francis Leftwich']"
"['Vacant Library', 'Moonlit Sailor']"
"['Yeh Pal', 'Prateek Kuhad']"
"['Golden Hill', 'Tristeza']"
"['Panchi Ud Gaya', 'Mohan Kannan']"
"[""Annie's Song"", 'John Denver']"
"['Route One 362', 'Sigur Rós']"
"['Folded Flowers', 'Lowland Hum']"
"['Drive Home', 'Shy Cope']"
"['Pizza', 'Statistix']"
"['All My Faith', 'The Last Dinosaur']"
"['Sæglópur - Live', 'Sigur Rós']"
"['Mutilated and Assimilated', 'Broken Hope']"
"['The Moon Is Too Far', 'Goldspot']"
"['Sweet & Bitter', 'Kush Kush']"
"['Route One 366', 'Sigur Rós']"
"['The Clod and the Pebble', 'Someone Still Loves You Boris Yeltsin']"
"['Take Me Along', 'Miley Cyrus']"
"['How Did You Love - Piano Version', 'Shinedown']"
"['Woven', 'Anton Belov']"
"['Weather With You', 'Crowded House']"
"['County Carnival', 'Porch Lights']"
"[""Norah's Lullaby"", 'Aeuria']"
"['As Above So Below', 'Behemoth']"
"['Tracking Aeroplanes', 'The Echelon Effect']"
"['Oh, Why', 'Balam Acab']"
"['Loom', 'Pompeii']"
"['At Peace in the Forest', 'Unwed Sailor']"
"['Caught Series, Pt. 19', 'DeStorm Power']"
"['Good Life (with G-Eazy & Kehlani)', 'G-Eazy']"
"[""Everybody's Changing"", 'Keane']"
"['Royal Asiatic Society', 'Tigers on Trains']"
"['Hypnotised', 'Coldplay']"
"['Route One 105', 'Sigur Rós']"
"['Samskeyti - Live', 'Sigur Rós']"
"['Stormur', 'Sigur Rós']"
"['A Year In The Garden Shed', 'Tigers on Trains']"
"['Golden Cities', 'Unwed Sailor']"
"['The Spectacular Quiet', 'Lights & Motion']"
"['Lúppulagid - Live', 'Sigur Rós']"
"['LIKE A ROCKSTAR', 'Chase Atlantic']"
"['Slide', 'The Republic of Wolves']"
"['Selfish', 'DeStorm Power']"
"['Friday', 'Goldspot']"
"['Deathmask Divine', 'The Black Dahlia Murder']"
"['Route One 275', 'Sigur Rós']"
"['Laser Cannon Deth Sentence', 'Metalocalypse: Dethklok']"
"['A Path of Scattered Thoughts', 'D-A-L']"
"['Postcard From 1952', 'Explosions In The Sky']"
"['Caught Series, Pt. 1', 'DeStorm Power']"
"['Honor Guide Me!', 'Conducting From The Grave']"
"['The Way of Vikings', 'Amon Amarth']"
"['Motherless Miscarriage', 'Infant Annihilator']"
"['Lucid Dream', 'Owl City']"
"['Struggle for Life', 'Hopelezz']"
"['Stellar', 'MONO']"
"['Festival', 'Sigur Rós']"
"['Upon Eager Eyes', 'Giants']"
"['Olsen Olsen', 'Sigur Rós']"
"['Route One 311', 'Sigur Rós']"
"['Raver', 'KAVERN']"
"['Lemon - Edit', 'N.E.R.D']"
"['Devoured Death', 'Incantation']"
"['Watch Over You', 'Alter Bridge']"
"['The Kandinsky Prince', 'Deep Blue Something']"
"['Ekans', 'Molife']"
"['Cornfield Chase', 'Hans Zimmer']"
"['War On Christmas', 'The American Dollar']"
"['Route One 318', 'Sigur Rós']"
"['Blood in the Ink', 'The Black Dahlia Murder']"
"[""The Windmill's Tale of the Music Box&"", 'Unwed Sailor']"
"['Forever Lost', 'God Is An Astronaut']"
"['Whispers In the Dark - Live', 'Mumford & Sons']"
"['Keeping The Wins', ""A Bunny's Caravan""]"
"['Aphelion', 'Ian Ewing']"
"['My Funny Valentine - Live', 'Chet Baker']"
"['Cath...', 'Death Cab for Cutie']"
"[""It Won't Kill Ya"", 'The Chainsmokers']"
"['Passenger Seat', 'Death Cab for Cutie']"
"['The Light That Blinds', 'Shadows Fall']"
"['Breath of Death', 'Henker']"
"['Route One 273', 'Sigur Rós']"
"['Forfeit II: Worn Thin', 'Dark Sermon']"
"['Route One 288', 'Sigur Rós']"
"['Shaky Ground', 'Freedom Fry']"
"['Asia', 'TAICO']"
"['Route One 277', 'Sigur Rós']"
"['Route One 278', 'Sigur Rós']"
"['King of Carrot Flowers Pt. 1', 'Neutral Milk Hotel']"
"['Captain Edward Smith', 'Adam Young']"
"['Neruppu Da', 'Arunraja Kamaraj']"
"['PILLOWTALK', 'ZAYN']"
"['Heathens', 'Twenty One Pilots']"
"['Wanderer', 'Amon Amarth']"
"['Sycamore', 'Caspian']"
"['Emily', 'Goldspot']"
"['Crystal Ship', 'soder.']"
"['Near', 'Set Mo']"
"[""Owl's Friend"", 'Alan Gogoll']"
"['Hrafntinna - Live', 'Sigur Rós']"
"['The Meadow', 'Windsor Airlift']"
"['The Border Line', 'Goldspot']"
"['003', 'digitalluc']"
"['Route One 317', 'Sigur Rós']"
"['Where the Waves', 'Midsummer']"
"['Wicked Game - Remastered', 'Chris Isaak']"
"['Rhine & Courtesan', 'Rachel Grimes']"
"['Eyes Without A Face - 1999 - Remaster', 'Billy Idol']"
"['The Echo Of Her Cracking Chest', 'Acranius']"
"['Matriarch', 'The Black Dahlia Murder']"
"['This Shameless Moment', 'Saxon Shore']"
"['Feasting on the Blood of the Insane', 'Six Feet Under']"
"['Bláþráður', 'Sigur Rós']"
"['Brothers In Arms', 'Dire Straits']"
"['With Or Without You - Remastered', 'U2']"
"['Donuts', 'Mogwai']"
"['All Alright', 'Sigur Rós']"
"['Susceptible to Retinal Reprogrammability', 'Acrania']"
"['Route One 276', 'Sigur Rós']"
"['At The Bottom Of Everything', 'Bright Eyes']"
"['Jahiliah', 'In Reverence']"
"['Chatoyant', 'Anton Belov']"
"['Wintering', 'Color Therapy']"
"['First Kill', 'Amon Amarth']"
"['Fucking Lie', 'DeStorm Power']"
"['The Sound Of Settling', 'Death Cab for Cutie']"
"['Making Water', 'Harry Gregson-Williams']"
"['Gore Gore Gadget', 'Annotations Of An Autopsy']"
"['Storm', 'Godspeed You! Black Emperor']"
"['The Day After Tomorrow', 'Saybia']"
"['As It Should Be', 'LUCHS']"
"['The Beginning', 'Acrania']"
"['Stars Appear', 'Adam Young']"
"['Granadilla', 'Mujo']"
"['Bind Torture Kill', 'Suffocation']"
"['Floater', 'Fla.mingo']"
"['Sex & Candy', 'Marcy Playground']"
"['Andvari', 'Sigur Rós']"
"['Take a Minute', 'Unwed Sailor']"
"['Photobooth', 'Death Cab for Cutie']"
"['When You Were Young', 'Benjamin Francis Leftwich']"
"['Route One 302', 'Sigur Rós']"
"['Route One 348', 'Sigur Rós']"
"['Looking Up, We Danced', 'The American Dollar']"
"['A Shot of Alcohol', 'Prateek Kuhad']"
"['Change the World', 'D-A-L']"
"['In Winter', 'Matt Pond PA']"
"['Route One 363', 'Sigur Rós']"
"['Long Sleeves', 'Tigers on Trains']"
"['Route One 335', 'Sigur Rós']"
"['Moonshine Limbo', 'Trepalium']"
"['The Way it Ends', 'Prototype']"
"['Dawn of Decay', 'Ringworm']"
"['Grapevine Fires', 'Death Cab for Cutie']"
"['Sunny.', 'SPEECHLESS']"
"['Make It with You', 'Bread']"
"['Slaves of Fear', 'Amon Amarth']"
"['For the First Time', 'The Script']"
"['Evergreen Cassette - Tape Mix', 'Goldspot']"
"['Stillborn', 'Ingested']"
"['Do Some Real', 'Mono:Massive']"
"['About A Girl', 'Nirvana']"
"['Bundle of Joy', 'Michael Giacchino']"
"['Ísjaki', 'Sigur Rós']"
"['Torn Through', 'Cannibal Corpse']"
"['Goodbye Sky Harbor', 'Jimmy Eat World']"
"['Lie To My Face', 'Carnifex']"
"['Go to Sleep (feat. Kailee Morgue) - SYRE Remix', 'Bearson']"
"['The Lonely Deceased', 'The Black Dahlia Murder']"
"['Summer', 'Benjamin Francis Leftwich']"
"['Requiem for a Tower', 'London Music Works']"
"['Amongst Vermin', 'Ingested']"
"['The Advent', 'The Black Dahlia Murder']"
"['Reborn', 'SwuM']"
"['Fiji Water', 'Owl City']"
"['NEAR', 'SINY']"
"['All for Nothing', 'Despised Icon']"
"['Burn the Earth', 'Metalocalypse: Dethklok']"
"['Rancid Gluttonous Morbid Obesity', 'Cenotaph']"
"['There Beneath', 'The Oh Hellos']"
"['On a Sea of Blood', 'Amon Amarth']"
"['Lion', 'Lights & Motion']"
"['Depths', 'Guustavv']"
"['Astral Projection', 'Astron']"
"['Crucifier Avenged', 'Cannibal Corpse']"
"['Good Help (Is So Hard To Find)', 'Death Cab for Cutie']"
"['Copremesis', 'Ingested']"
"['Hljómalind', 'Sigur Rós']"
"['You (Piano & Strings Sessions Version) [Instrumental]', 'Future Of Forestry']"
"['The Strangulation Chair', 'Cannibal Corpse']"
"['Let Me Go (with Alesso, Florida Georgia Line & watt)', 'Hailee Steinfeld']"
"['The Sound so Loud It Becomes Silence', 'Shipwreck Karpathos']"
"['Atrocious By Nature', 'Dying Fetus']"
"['Ultraviolet', 'Lights & Motion']"
"['Route One 104', 'Sigur Rós']"
"['I Love You Baby, I Love You Doll', 'Parekh & Singh']"
"['Fansong', 'Metalocalypse: Dethklok']"
"['Bosses Hang, Pt. II', 'Godspeed You! Black Emperor']"
"['blueberry', '[bsd.u]']"
"['my ____ for you..', 'homieunculus']"
"['This One Or That One?', 'The Six Parts Seven']"
"['Route One 314', 'Sigur Rós']"
"['The Tip Of The Iceberg', 'Owl City']"
"['Bargaining: Will You Answer Me?', 'Tragacanth']"
"['Distant Sures', 'The Cave Singers']"
"['Forgiveness And Love', 'Miley Cyrus']"
"['Styrofoam Plates', 'Death Cab for Cutie']"
"['Little Wars', 'Unwed Sailor']"
"['after hours', 'twuan']"
"['Heavy (feat. Kiiara)', 'Linkin Park']"
"['Black Valor', 'The Black Dahlia Murder']"
"['The Slow Wait (Part 2)', 'The American Dollar']"
"['How to Save a Life - Live', 'The Fray']"
"['Surrender', 'PaulWetz']"
"['Adventure Of A Lifetime - Matoma Remix', 'Coldplay']"
"['Orange', 'Airplanes']"
"['Live the Lie', 'DeStorm Power']"
"['Netflix and Chill', 'DeStorm Power']"
"['Servants of Hypocrisy', 'Acrania']"
"['The Upper Sky', 'Rhian Sheehan']"
"['Nothing Breaks Like a Heart (feat. Miley Cyrus)', 'Mark Ronson']"
"['Sidewall', 'Praizee']"
"['Falling Slowly', 'Glen Hansard']"
"['Invisible Chains', 'MOOD ROBOT']"
"['Svefn-g-englar - Live', 'Sigur Rós']"
"['Love All the Way', 'DeStorm Power']"
"['Impulse', 'For a Minor Reflection']"
"['Blue (feat. Myra Molloy)', 'sober rob']"
"['Svó hljótt', 'Sigur Rós']"
"['Get Low (with Liam Payne)', 'Zedd']"
"['Forgetful', 'Constant Seas']"
"['Capsize', 'FRENSHIP']"
"[""Wouldn't Change A Thing"", 'Deep Blue Something']"
"['Slave: Mother Earth', 'Left to the Wolves']"
"['Cold Flesh Citadel', 'Katalepsy']"
"['Get Up And Go', 'The Sky Life']"
"[""Realize It's Time"", 'The Sky Life']"
"['Elysian', '[ocean jams]']"
"['I Need This', 'Frook']"
"['Inspiration!', 'Nick Urata']"
"['A Scattered Dream', 'Windsor Airlift']"
"['Dimensional Molecular Transcendence', 'Acrania']"
"['Void', 'Within Destruction']"
"['I, Despoiler', 'Ingested']"
"['Vector of Cruelty', 'Cannibal Corpse']"
"['Love Signs', 'DeStorm Power']"
"['Talk to Jan', 'Danny Elfman']"
"['Inní mér syngur vitleysingur - Live', 'Sigur Rós']"
"['Saturday Night', 'Suede']"
"[""Lookin' Up"", 'Toonorth']"
"['Tune Kaha', 'Prateek Kuhad']"
"['Route One 287', 'Sigur Rós']"
"['Cathartic Killing', 'Logistic Slaughter']"
"['Amber, Ember, Glow', 'Saxon Shore']"
"['Pensive', 'Sorrow']"
"['Cynicism', 'Nana Grizol']"
"['Wildflowers', 'Tom Petty']"
"['The Window', 'The Black Dahlia Murder']"
"['Hunnybee', 'Unknown Mortal Orchestra']"
"['Not over Yet', 'GentleBeatz']"
"['Happy Xmas (War Is Over)', 'Miley Cyrus']"
"['I Was Waiting For You', 'Nick Urata']"
"['Caught Series, Pt. 4', 'DeStorm Power']"
"['Neonatalimpalionecrophiliation', 'Infant Annihilator']"
"['Badnam', 'Mankirt Aulakh']"
"['glowstick', 'Flavors']"
"['Route One 279', 'Sigur Rós']"
"['Bosses Hang, Pt. III', 'Godspeed You! Black Emperor']"
"['Dil Mere', 'The Local Train']"
"['Spirited Away - The Dragon Boy / The Bottomless Pit', 'Joe Hisaishi']"
"['At Night', 'Subsets']"
"['Long The Desert Mile', 'Caspian']"
"['The Surge', 'Ion Dissonance']"
"['The Only Moment We Were Alone', 'Explosions In The Sky']"
"['Solace', 'Fait']"
"['Hope Valley Hill', 'Helios']"
"['Last Chance', 'autumn keys']"
"['Codes And Keys', 'Death Cab for Cutie']"
"['Bar Clearing Good Times', 'Saxon Shore']"
"['Monday Morning', 'Death Cab for Cutie']"
"['Levodopa', 'Laura']"
"['Route One 281', 'Sigur Rós']"
"['Little Lion Man - Live', 'Mumford & Sons']"
"['Crooked Teeth', 'Death Cab for Cutie']"
"['This Is What You Came For', 'Calvin Harris']"
"['028 Hate', 'Chamber Of Malice']"
"['Route One 293', 'Sigur Rós']"
"['Rain on My Windscreen', 'Pogo']"
"['Route One 343', 'Sigur Rós']"
"['Not for Want of Trying', 'Maybeshewill']"
"['Intro', 'The Choir At Your Door']"
"['Fondness', 'Late June']"
"['Every Breath You Take - Remastered 2003', 'The Police']"
"['E-Bow - Live', 'Sigur Rós']"
"['Unspecified Bird Calls', 'Grayson Erhard']"
"['Route One 304', 'Sigur Rós']"
"['Widowmaker', 'The Black Dahlia Murder']"
"['Part of That Strange Dream', 'Daniel Hart']"
"['soupeddd!', 'mommy']"
"['Ashes in the Snow', 'MONO']"
"['On Stirring Seas of Salted Blood', 'The Black Dahlia Murder']"
"['over u', 'keshi']"
"['The Seed of Annihilation', 'The Red Shore']"
"['Finally Free', 'DeStorm Power']"
"['Bloodlust', 'The Mountain Man']"
"[""Rose's Thorn"", 'TOKiMONSTA']"
"['Make Out in My Car - Sufjan Stevens Version', 'Moses Sumney']"
"['One Against All', 'Amon Amarth']"
"['Penny', 'The National Parks']"
"['Illuminate My Heart, My Darling!', 'Yndi Halda']"
"['December', 'Benjamin Gibbard']"
"['Dust in the Wind', 'Kansas']"
"['Half Moon', 'Blind Pilot']"
"['For You', 'Kenny Segal']"
"['The Background', 'DeStorm Power']"
"['Spruce', 'bitbeats']"
"['Route One 333', 'Sigur Rós']"
"['We Flood Empty Lakes', 'Yndi Halda']"
"['One Thousand Burning Arrows', 'Amon Amarth']"
"['Black Fire Upon Us', 'Metalocalypse: Dethklok']"
"['Twelve Days Awake', 'The American Dollar']"
"['Red Light', 'Deep Blue Something']"
"['Frozen Feet (Acoustic)', 'The Republic of Wolves']"
"['Whippin (feat. Felix Snow)', 'Kiiara']"
"['Overlord', 'Lamb of God']"
"['Forest Mill Trail', 'no sentences']"
"['Walk with Me In Hell', 'Lamb of God']"
"['Unrecognized Faces', 'The Sky Life']"
"['Narcissistic Apathy', 'Ingested']"
"['Portarlington', 'Years Of Rice And Salt']"
"['Kings of the Nightworld', 'The Black Dahlia Murder']"
"['Kavi (En Vivo)', 'The Polar Dream']"
"['Future Pavilion', 'MIAOU']"
"['1977', 'Adam Young']"
"['Descending', 'Lamb of God']"
"['This Very Flight', 'Yndi Halda']"
"['Nocturnal', 'The Black Dahlia Murder']"
"['Not With A Whimper, But A Bang', 'Goonies Never Say Die']"
"['Champion', 'DeStorm Power']"
"['La Boite a Musique', 'Rhian Sheehan']"
"['The Stars In Spring', 'Epic45']"
"['for your time - Audiotree Live Version', 'Prateek Kuhad']"
"['Emerald Rush', 'Jon Hopkins']"
"['Beggar', 'Benjamin James']"
"['A Gallant Gentleman', 'We Lost The Sea']"
"['Glassy Blue', 'Hammock']"
"['Resurrect The Reaper', 'Resist The Thought']"
"['There Is No Business To Be Done On A Dead Planet', 'All Shall Perish']"
"['Nothing Breaks Like a Heart - Acoustic Version', 'Mark Ronson']"
"['The Betrayal of Lyla', 'Ark Patrol']"
"[""'74-'75"", 'The Connells']"
"['Shokawa', 'SINY']"
"['Zvenya', 'Winterlight']"
"['Victory Dance', 'DeStorm Power']"
"['Intercranial Semen Injection', 'Ingested']"
"['LIKE I WOULD', 'ZAYN']"
"['I Will Return', 'The Black Dahlia Murder']"
"['Alone And Shaking', 'MNMM']"
"['Closely kept', 'Levi Patel']"
"['Baddest Mutha', 'DeStorm Power']"
"['Tyrannical Decay', 'Pathology']"
"['Selah', 'Carinthia']"
"['Ex-Cowboy', 'Mogwai']"
"['The Sunrise', 'Windsor Airlift']"
"['The Carnage', 'Deserted Fear']"
"['Route One 298', 'Sigur Rós']"
"['Von - Live', 'Sigur Rós']"
"['Sleep On The Floor', 'The Lumineers']"
"['In the Arms of Perdition', 'Despised Icon']"
"['Under Mountain, Under Ground', 'The Lighthouse And The Whaler']"
"['Brennisteinn - Live', 'Sigur Rós']"
"['Yachats', 'Color Therapy']"
"['Route One 305', 'Sigur Rós']"
"['As Good as Dead', 'The Black Dahlia Murder']"
"['Sky Pretty', 'Masked Man']"
"[""Dumbledore's Farewell"", 'Nicholas Hooper']"
"['Birth Into Being', 'Sky Architects']"
"['Stabbed', 'Black Therapy']"
"['Standing in Silence Pt. 4 (Live)', 'Rhian Sheehan']"
"['Skeletons', 'JR JR']"
"['Followed Home Then Killed', 'Cannibal Corpse']"
"['Fifty Ton War Machine', 'Devourment']"
"['Anthem for No State, Pt. II', 'Godspeed You! Black Emperor']"
"['Still Echoes', 'Lamb of God']"
"['We Are Mapping Your Dreams', 'Laura']"
"['Route One 282', 'Sigur Rós']"
"['Mogwai Fear Satan', 'Mogwai']"
"['Come On To Me', 'Paul McCartney']"
"[""Karen Don't Be Sad"", 'Miley Cyrus']"
"['Behold the Kingdom of the Wretched Undying (feat. Tyler Shelton, Bryan Long, Dillon Becker & Chris Whited)', 'Infant Annihilator']"
"['The Butterfly Arrival', 'Windsor Airlift']"
"['Creep', 'Stone Temple Pilots']"
"['Route One 358', 'Sigur Rós']"
"['Caught Series, Pt. 7', 'DeStorm Power']"
"['Too Good', 'Drake']"
"['Wait to Exhale', 'So This Is Suffering']"
"['Gold Rush', 'Death Cab for Cutie']"
"['Disillusion in a Discordant System', 'Acrania']"
"['nothing really matters that much to me anymore.', 'Astroblk']"
"['Kirisute Gomen', 'Trivium']"
"['A Gluttonous Abomination', 'Acrania']"
"['Blazing Star', 'Dethklok']"
"['wyd', 'TYDPOOL']"
"['Communist Daughter', 'Neutral Milk Hotel']"
"['Starálfur', 'Sigur Rós']"
"['Route One 345', 'Sigur Rós']"
"['Nocturne 4', 'Ben Lukas Boysen']"
"['California Is Too Long', 'Signal Hill']"
"['Raise Your Horns', 'Amon Amarth']"
"['La Nescita Delle Cose Segrete', 'Ludovico Einaudi']"
"['Catacomb Hecatomb', 'The Black Dahlia Murder']"
"['Somnambulance', 'The American Dollar']"
"['Nomad Life', 'Sarah, the Illstrumentalist']"
"['Nights With You', 'Prima']"
"['When the Conflict Had Settled', 'Jonathan Fraser']"
"['Divenire', 'Ludovico Einaudi']"
"['Swing Set', 'Moving Mountains']"
"['Center of the Universe', 'Windsor Airlift']"
"['Caught Series, Pt. 16', 'DeStorm Power']"
"['Echoes', 'Dontcry']"
"['October', 'KOSIKK']"
"['Monkey on My Rooftop', 'Goldspot']"
"['One Day We Will Lose Everything', 'Racing Glaciers']"
"['Hollow and Bold', 'Marla Hansen']"
"['Omerta', 'Lamb of God']"
"['Flashback', 'Sky Architects']"
"['Sugar River', 'Matt Pond PA']"
"['Death in Rebirth', 'MONO']"
"['HUMBLE. - SKRILLEX REMIX', 'Skrillex']"
"['Bloom', 'Through & Through']"
"['Bohemia', 'Unwed Sailor']"
"['Heads Will Hang', 'Fit For An Autopsy']"
"['Olsen olsen', 'Sigur Rós']"
"['Morning Coffee', 'Not Yourself']"
"['The Invisible Hand', 'Beneath The Massacre']"
"['Babykiller', 'Devourment']"
"['These Memories', 'Hollow Coves']"
"['At the Edge of the World', 'Kataklysm']"
"['Princess Mononoke - The Legend of Ashitaka', 'Joe Hisaishi']"
"['Nothing Breaks Like a Heart - Martin Solveig Remix', 'Mark Ronson']"
"['Starlit Souvenirs', 'Windsor Airlift']"
"['The Singing Trees (Los Árboles Cantores)', 'The Polar Dream']"
"['Extinction Event', 'Ingested']"
"['Wicked Game - Live Acoustic', 'Stone Sour']"
"['Miasma', 'The Black Dahlia Murder']"
"['Sustained Combustion', 'Saxon Shore']"
"['The Long Spring', 'Explosions In The Sky']"
"['I Know It’s Pathetic But That Was the Greatest Night of My Life', 'Sun Kil Moon']"
"['A Vexing Mural', 'Fleshmeadow']"
"['Route One 306', 'Sigur Rós']"
"['Spawn of Agony', 'Boris The Blade']"
"['Time Bomb', 'Goldspot']"
"['Boy Lilikoi', 'Jónsi']"
"['Erase / Rewind', 'The Cardigans']"
"['I Giorni', 'Ludovico Einaudi']"
"['Yes! I Am a Long Way from Home', 'Mogwai']"
"['London', 'Jacob Montague']"
"[""Ruby's Wishes"", 'Unwed Sailor']"
"['Follow Me', 'Beauvois']"
"['Varúð', 'Sigur Rós']"
"['We Can Just Make Out', 'The Six Parts Seven']"
"['Leaving (feat. Yuna)', 'Ekali']"
"['Demons in the Mist', 'Martyr Defiled']"
"['Steps In Static Progression', 'Giants']"
"['Lazy Promises', 'Malacca']"
"['Rich Girl', 'Daryl Hall & John Oates']"
"['In Shadows And Dust', 'Kataklysm']"
"['New Topia', 'This Will Destroy You']"
"['The Fan', 'Denitia']"
"['Where No One Goes', 'John Powell']"
"['The Chosen Legacy', 'Dimmu Borgir']"
"['Cold', 'Maroon 5']"
"['Still Got Time', 'ZAYN']"
"['Chasing After My Bones', 'The Republic of Wolves']"
"['Dreaming About You', 'D-A-L']"
"['Interior Lines', 'Barstool Astronaut']"
"['Survival Sequence', 'Acrania']"
"['Furtive Monologue', 'Despised Icon']"
"['All Alright - Live', 'Sigur Rós']"
"['SMS (Bangerz)', 'Miley Cyrus']"
"['This Is Not Enough (Epilogue)', 'Hammock']"
"['Summer Rain', '[ocean jams]']"
"['Ambre', 'Nils Frahm']"
"['Two More Lonely People', 'Miley Cyrus']"
"['Castles High, Marble Bright', 'Caspian']"
"['Route One 289', 'Sigur Rós']"
"['Why Would I Want To', 'DeStorm Power']"
"['Caught Series, Pt. 2', 'DeStorm Power']"
"['Mystery of Love', 'Sufjan Stevens']"
"['Wild World', 'Yusuf / Cat Stevens']"
"['A Lack Of Color', 'Death Cab for Cutie']"
"['We Only Have Forever', 'Lights & Motion']"
"['Transatlanticism', 'Death Cab for Cutie']"
"['Ashes In The Snow', 'MONO']"
"['Turning Lane', 'The Republic of Wolves']"
"['Second Skin', 'Dying Fetus']"
"['Kids Will Be Skeletons', 'Mogwai']"
"['Varúð - Live', 'Sigur Rós']"
"['Marbles', 'tusken.']"
"['Neverbloom', 'Make Them Suffer']"
"['3-Minute Workout!', 'DeStorm Power']"
"['Forbidden Friendship', 'John Powell']"
"['Live for the Moment', 'D-A-L']"
"['I Just Wanted to Make You Something Beautiful', 'Industries of the Blind']"
"['Glósóli', 'Sigur Rós']"
"['for your time', 'Prateek Kuhad']"
"['Water World', 'KLIM']"
"[""I'm on Fire"", 'Bruce Springsteen']"
"['Montana', 'Owl City']"
"['In the Trenches', 'Dying Fetus']"
"['The Lightning Behind the Mountain', 'Sunlight Ascending']"
"['Neutered in Utero', 'Infant Annihilator']"
"['The Cave - Live', 'Mumford & Sons']"
"[""L'Espace au sol est redessine par d'immenses panneaux bleus"", 'Fly Pan Am']"
"['Radiatus Generis', 'Cytotoxin']"
"['Reticent', 'Anton Belov']"
"['When We Glow', 'Tristeza']"
"['Fade Out', 'Sky Architects']"
"['Good Goodbye (feat. Pusha T and Stormzy)', 'Linkin Park']"
"['Svefn-g-englar', 'Sigur Rós']"
"['Victim Kin Seek Suit (2016)', 'The World Is A Beautiful Place & I Am No Longer Afraid To Die']"
"['Personal', 'Densky9']"
"['New York City', 'Owl City']"
"['Wish You Were Here - 2011 Remastered Version', 'Pink Floyd']"
"['Nothing Breaks Like a Heart - Boston Bun Remix', 'Mark Ronson']"
"['Tea Merchants', 'Rachel Grimes']"
"['Rise Up', 'Imagine Dragons']"
"['Take Care and Safe Home', 'The Candlepark Stars']"
"['Route One 330', 'Sigur Rós']"
"['Route One 344', 'Sigur Rós']"
"['This Could Be Us but You Playing (feat. Elijah Blake)', 'DeStorm Power']"
"['Thunder - Live/Acoustic', 'Imagine Dragons']"
"['Europa', 'Adam Young']"
"['Inclosed By Skies', ""A Bunny's Caravan""]"
"['Kiwi', 'Harry Styles']"
"['Lake Of Fire', 'Nirvana']"
"['Nothing Breaks Like a Heart - Dimitri from Paris Remix', 'Mark Ronson']"
"['Route One 300', 'Sigur Rós']"
"['Nakhre', 'Jassie Gill']"
"['Raided By Waves', 'The American Dollar']"
"['The Grand Staircase', 'Port Blue']"
"['Dauðalogn', 'Sigur Rós']"
"['The Grammarian', 'Tigers on Trains']"
"['The Slow Wait (Part 1)', 'The American Dollar']"
"['I Worship Chaos', 'Children Of Bodom']"
"['Route One 303', 'Sigur Rós']"
"['Na Ja', 'Pav Dharia']"
"['Moya', 'Godspeed You! Black Emperor']"
"['The Bald Cadaver', 'Cerebral Bore']"
"['Song To Make Love To', 'Deep Blue Something']"
"['Oh Love', 'Prateek Kuhad']"
"['Gotta Go Away', 'D-A-L']"
"['Catharsis', 'Ambient Flow']"
"['Epidemic of Hate', 'Dying Fetus']"
"[""What's The Farthest You Can See?"", 'Sky Flying By']"
"['Route One 331', 'Sigur Rós']"
"['All the Trees of the Field Will Clap Their Hands', 'Sufjan Stevens']"
"['I Will Possess Your Heart', 'Death Cab for Cutie']"
